36;nom1;prénom1;1990-12-25;0123456789;nom1.prénom1@gmail.com
37;nom2;prénom2;1990-12-26;0123456790;nom2.prénom2@gmail.com
38;nom3;prénom3;1990-12-27;0123456791;nom3.prénom3@gmail.com
39;nom4;prénom4;1990-12-28;0123456792;nom4.prénom4@gmail.com
40;nom5;prénom5;1990-12-29;0123456793;nom5.prénom5@gmail.com
41;nom6;prénom6;1990-12-30;0123456794;nom6.prénom6@gmail.com
42;nom7;prénom7;1990-12-31;0123456795;nom7.prénom7@gmail.com
43;nom8;prénom8;1990-12-32;0123456796;nom8.prénom8@gmail.com
44;nom9;prénom9;1990-12-33;0123456797;nom9.prénom9@gmail.com
45;nom10;prénom10;1990-12-34;0123456798;nom10.prénom10@gmail.com
46;nom11;prénom11;1990-12-35;0123456799;nom11.prénom11@gmail.com
47;nom12;prénom12;1990-12-36;0123456800;nom12.prénom12@gmail.com
48;nom13;prénom13;1990-12-37;0123456801;nom13.prénom13@gmail.com
49;nom14;prénom14;1990-12-38;0123456802;nom14.prénom14@gmail.com
50;nom15;prénom15;1990-12-39;0123456803;nom15.prénom15@gmail.com
51;nom16;prénom16;1990-12-40;0123456804;nom16.prénom16@gmail.com
52;nom17;prénom17;1990-12-41;0123456805;nom17.prénom17@gmail.com
53;nom18;prénom18;1990-12-42;0123456806;nom18.prénom18@gmail.com
54;nom19;prénom19;1990-12-43;0123456807;nom19.prénom19@gmail.com
55;nom20;prénom20;1990-12-44;0123456808;nom20.prénom20@gmail.com
56;nom21;prénom21;1990-12-45;0123456809;nom21.prénom21@gmail.com
57;nom22;prénom22;1990-12-46;0123456810;nom22.prénom22@gmail.com
58;nom23;prénom23;1990-12-47;0123456811;nom23.prénom23@gmail.com
59;nom24;prénom24;1990-12-48;0123456812;nom24.prénom24@gmail.com
60;nom25;prénom25;1990-12-49;0123456813;nom25.prénom25@gmail.com
61;nom26;prénom26;1990-12-50;0123456814;nom26.prénom26@gmail.com
62;nom27;prénom27;1990-12-51;0123456815;nom27.prénom27@gmail.com
63;nom28;prénom28;1990-12-52;0123456816;nom28.prénom28@gmail.com
64;nom29;prénom29;1990-12-53;0123456817;nom29.prénom29@gmail.com
65;nom30;prénom30;1990-12-54;0123456818;nom30.prénom30@gmail.com
66;nom31;prénom31;1990-12-55;0123456819;nom31.prénom31@gmail.com
67;nom32;prénom32;1990-12-56;0123456820;nom32.prénom32@gmail.com
68;nom33;prénom33;1990-12-57;0123456821;nom33.prénom33@gmail.com
69;nom34;prénom34;1990-12-58;0123456822;nom34.prénom34@gmail.com
70;nom35;prénom35;1990-12-59;0123456823;nom35.prénom35@gmail.com
71;nom36;prénom36;1990-12-60;0123456824;nom36.prénom36@gmail.com
72;nom37;prénom37;1990-12-61;0123456825;nom37.prénom37@gmail.com
73;nom38;prénom38;1990-12-62;0123456826;nom38.prénom38@gmail.com
74;nom39;prénom39;1990-12-63;0123456827;nom39.prénom39@gmail.com
75;nom40;prénom40;1990-12-64;0123456828;nom40.prénom40@gmail.com
76;nom41;prénom41;1990-12-65;0123456829;nom41.prénom41@gmail.com
77;nom42;prénom42;1990-12-66;0123456830;nom42.prénom42@gmail.com
78;nom43;prénom43;1990-12-67;0123456831;nom43.prénom43@gmail.com
79;nom44;prénom44;1990-12-68;0123456832;nom44.prénom44@gmail.com
80;nom45;prénom45;1990-12-69;0123456833;nom45.prénom45@gmail.com
81;nom46;prénom46;1990-12-70;0123456834;nom46.prénom46@gmail.com
82;nom47;prénom47;1990-12-71;0123456835;nom47.prénom47@gmail.com
83;nom48;prénom48;1990-12-72;0123456836;nom48.prénom48@gmail.com
84;nom49;prénom49;1990-12-73;0123456837;nom49.prénom49@gmail.com
85;nom50;prénom50;1990-12-74;0123456838;nom50.prénom50@gmail.com
86;nom51;prénom51;1990-12-75;0123456839;nom51.prénom51@gmail.com
87;nom52;prénom52;1990-12-76;0123456840;nom52.prénom52@gmail.com
88;nom53;prénom53;1990-12-77;0123456841;nom53.prénom53@gmail.com
89;nom54;prénom54;1990-12-78;0123456842;nom54.prénom54@gmail.com
90;nom55;prénom55;1990-12-79;0123456843;nom55.prénom55@gmail.com
91;nom56;prénom56;1990-12-80;0123456844;nom56.prénom56@gmail.com
92;nom57;prénom57;1990-12-81;0123456845;nom57.prénom57@gmail.com
93;nom58;prénom58;1990-12-82;0123456846;nom58.prénom58@gmail.com
94;nom59;prénom59;1990-12-83;0123456847;nom59.prénom59@gmail.com
95;nom60;prénom60;1990-12-84;0123456848;nom60.prénom60@gmail.com
96;nom61;prénom61;1990-12-85;0123456849;nom61.prénom61@gmail.com
97;nom62;prénom62;1990-12-86;0123456850;nom62.prénom62@gmail.com
98;nom63;prénom63;1990-12-87;0123456851;nom63.prénom63@gmail.com
99;nom64;prénom64;1990-12-88;0123456852;nom64.prénom64@gmail.com
100;nom65;prénom65;1990-12-89;0123456853;nom65.prénom65@gmail.com
101;nom66;prénom66;1990-12-90;0123456854;nom66.prénom66@gmail.com
102;nom67;prénom67;1990-12-91;0123456855;nom67.prénom67@gmail.com
103;nom68;prénom68;1990-12-92;0123456856;nom68.prénom68@gmail.com
104;nom69;prénom69;1990-12-93;0123456857;nom69.prénom69@gmail.com
105;nom70;prénom70;1990-12-94;0123456858;nom70.prénom70@gmail.com
106;nom71;prénom71;1990-12-95;0123456859;nom71.prénom71@gmail.com
107;nom72;prénom72;1990-12-96;0123456860;nom72.prénom72@gmail.com
108;nom73;prénom73;1990-12-97;0123456861;nom73.prénom73@gmail.com
109;nom74;prénom74;1990-12-98;0123456862;nom74.prénom74@gmail.com
110;nom75;prénom75;1990-12-99;0123456863;nom75.prénom75@gmail.com
111;nom76;prénom76;1990-12-100;0123456864;nom76.prénom76@gmail.com
112;nom77;prénom77;1990-12-101;0123456865;nom77.prénom77@gmail.com
113;nom78;prénom78;1990-12-102;0123456866;nom78.prénom78@gmail.com
114;nom79;prénom79;1990-12-103;0123456867;nom79.prénom79@gmail.com
115;nom80;prénom80;1990-12-104;0123456868;nom80.prénom80@gmail.com
116;nom81;prénom81;1990-12-105;0123456869;nom81.prénom81@gmail.com
117;nom82;prénom82;1990-12-106;0123456870;nom82.prénom82@gmail.com
118;nom83;prénom83;1990-12-107;0123456871;nom83.prénom83@gmail.com
119;nom84;prénom84;1990-12-108;0123456872;nom84.prénom84@gmail.com
120;nom85;prénom85;1990-12-109;0123456873;nom85.prénom85@gmail.com
121;nom86;prénom86;1990-12-110;0123456874;nom86.prénom86@gmail.com
122;nom87;prénom87;1990-12-111;0123456875;nom87.prénom87@gmail.com
123;nom88;prénom88;1990-12-112;0123456876;nom88.prénom88@gmail.com
124;nom89;prénom89;1990-12-113;0123456877;nom89.prénom89@gmail.com
125;nom90;prénom90;1990-12-114;0123456878;nom90.prénom90@gmail.com
126;nom91;prénom91;1990-12-115;0123456879;nom91.prénom91@gmail.com
127;nom92;prénom92;1990-12-116;0123456880;nom92.prénom92@gmail.com
128;nom93;prénom93;1990-12-117;0123456881;nom93.prénom93@gmail.com
129;nom94;prénom94;1990-12-118;0123456882;nom94.prénom94@gmail.com
130;nom95;prénom95;1990-12-119;0123456883;nom95.prénom95@gmail.com
131;nom96;prénom96;1990-12-120;0123456884;nom96.prénom96@gmail.com
132;nom97;prénom97;1990-12-121;0123456885;nom97.prénom97@gmail.com
133;nom98;prénom98;1990-12-122;0123456886;nom98.prénom98@gmail.com
134;nom99;prénom99;1990-12-123;0123456887;nom99.prénom99@gmail.com
135;nom100;prénom100;1990-12-124;0123456888;nom100.prénom100@gmail.com
136;nom101;prénom101;1990-12-125;0123456889;nom101.prénom101@gmail.com
137;nom102;prénom102;1990-12-126;0123456890;nom102.prénom102@gmail.com
138;nom103;prénom103;1990-12-127;0123456891;nom103.prénom103@gmail.com
